{"ratio": 2.718281828459045, "hs": [35.830392025539886, 42.52691931225274, 49.634850430130484, 85.46807072236207, 45.31096111331242]}