{"ratio": 2.718281828459045, "hs": [62.54863496223127, 61.29518718479637, 75.80771920533672, 104.58154083949854, 64.81736974359056]}