{"ratio": 2.718281828459045, "hs": [43.70082089536173, 39.70983686325336, 62.01586612268337, 83.78168632349076, 33.021121461313705]}