{"ratio": 2.718281828459045, "hs": [243.06699805471337, 43.496892924791304, 119.9738509703087, 313.29513865912895, 71.91070061602954]}