{"ratio": 2.718281828459045, "hs": [39.48349021527842, 75.47065847863267, 93.25372291382047, 84.58797068357826, 53.99113841125262]}