{"ratio": 2.718281828459045, "hs": [331.7251301996269, 57.13640685736691, 135.08818652705023, 438.7278715214876, 82.77086018290434]}